canonical_path,extension,size_bytes,line_count,py_functions,py_classes,import_in_repo_count,import_external_count,contains_phase,contains_memory,contains_reduction,contains_truth,contains_holonomy,contains_tau,contains_registry,contains_constraint,contains_potential,contains_orchestrator
CANONICAL_BUILD_MANIFEST.md,.md,3004,80,0,0,0,0,1,1,0,0,0,0,1,1,0,0
CIEL_MEMORY_SYSTEM/BRAID/ledger/braid_ledger.jsonl,.jsonl,1009,3,0,0,0,0,1,0,0,0,0,0,0,0,0,0
CIEL_MEMORY_SYSTEM/TSM/ledger/memory_ledger.db,.db,12288,20,0,0,0,0,1,1,0,0,0,0,0,0,0,0
CIEL_MEMORY_SYSTEM/WPM/wave_snapshots/wave_archive.h5,.h5,58832,22,0,0,0,0,1,1,0,0,0,0,1,0,0,0
DATA_LAYER_POLICY.md,.md,2066,43,0,0,0,0,0,1,0,0,0,0,1,0,0,0
MERGE_MANIFEST.md,.md,846,20,0,0,0,0,1,1,0,0,0,0,0,0,0,1
README.md,.md,8018,304,0,0,0,0,1,1,0,0,1,1,1,1,1,1
ciel_omega/CIEL_MEMORY_SYSTEM/TSM/ledger/memory_ledger.db,.db,12288,20,0,0,0,0,0,0,0,0,0,0,0,0,0,0
ciel_omega/HOW_AI_WORKS_WITH_CIEL.md,.md,14292,290,0,0,0,0,0,1,0,0,0,0,0,1,0,1
ciel_omega/LICENSE,,5137,86,0,0,0,0,0,0,0,0,0,0,1,0,0,0
ciel_omega/MEMORY_SECTOR_MANIFEST.md,.md,1030,34,0,0,0,0,0,1,0,0,1,0,1,0,1,1
ciel_omega/README.md,.md,4463,178,0,0,0,0,1,1,1,0,0,0,0,1,0,1
ciel_omega/README_old.md,.md,8921,176,0,0,0,0,0,1,0,0,0,0,1,1,1,1
ciel_omega/__init__.py,.py,424,14,0,0,3,1,0,0,0,0,0,0,0,0,0,1
ciel_omega/__pycache__/__init__.cpython-312.pyc,.pyc,651,15,0,0,0,0,0,0,0,0,0,0,0,0,0,1
ciel_omega/__pycache__/__init__.cpython-313.pyc,.pyc,637,15,0,0,0,0,0,0,0,0,0,0,0,0,0,1
ciel_omega/__pycache__/bootstrap_runtime.cpython-312.pyc,.pyc,1459,22,0,0,0,0,0,0,0,0,0,0,0,0,0,1
ciel_omega/__pycache__/bootstrap_runtime.cpython-313.pyc,.pyc,1442,22,0,0,0,0,0,0,0,0,0,0,0,0,0,1
ciel_omega/__pycache__/ciel_client.cpython-312.pyc,.pyc,10233,96,0,0,0,0,1,0,0,0,0,0,1,1,0,1
ciel_omega/__pycache__/ciel_client.cpython-313.pyc,.pyc,10255,100,0,0,0,0,1,0,0,0,0,0,1,1,0,1
ciel_omega/__pycache__/ciel_inference_surface.cpython-312.pyc,.pyc,10107,101,0,0,0,0,1,0,0,0,0,0,0,0,0,1
ciel_omega/__pycache__/ciel_inference_surface.cpython-313.pyc,.pyc,9968,96,0,0,0,0,1,0,0,0,0,0,0,0,0,1
ciel_omega/__pycache__/ciel_orchestrator.cpython-312.pyc,.pyc,14341,133,0,0,0,0,1,0,0,0,1,0,0,0,0,1
ciel_omega/__pycache__/ciel_orchestrator.cpython-313.pyc,.pyc,14685,135,0,0,0,0,1,0,0,0,1,0,0,0,0,1
ciel_omega/__pycache__/main.cpython-313.pyc,.pyc,411,8,0,0,0,0,0,0,0,0,0,0,0,0,0,1
ciel_omega/__pycache__/phase_equation_of_motion.cpython-312.pyc,.pyc,39509,582,0,0,0,0,1,0,0,1,1,0,1,1,0,0
ciel_omega/__pycache__/phase_equation_of_motion.cpython-313.pyc,.pyc,38748,592,0,0,0,0,1,0,0,1,1,0,1,1,0,0
ciel_omega/__pycache__/unified_system.cpython-312.pyc,.pyc,8518,74,0,0,0,0,1,1,0,0,0,0,1,0,0,1
ciel_omega/__pycache__/unified_system.cpython-313.pyc,.pyc,8541,84,0,0,0,0,1,1,0,0,0,0,1,0,0,1
ciel_omega/bio/__init__.py,.py,81,2,0,0,0,0,0,0,0,0,0,0,0,0,0,0
ciel_omega/bio/__pycache__/__init__.cpython-312.pyc,.pyc,283,3,0,0,0,0,0,0,0,0,0,0,0,0,0,0
ciel_omega/bio/__pycache__/__init__.cpython-313.pyc,.pyc,269,3,0,0,0,0,0,0,0,0,0,0,0,0,0,0
ciel_omega/bio/__pycache__/eeg_emotion_mapper.cpython-312.pyc,.pyc,2864,33,0,0,0,0,1,0,0,0,0,0,0,0,0,0
ciel_omega/bio/__pycache__/eeg_emotion_mapper.cpython-313.pyc,.pyc,2911,31,0,0,0,0,1,0,0,0,0,0,0,0,0,0
ciel_omega/bio/__pycache__/eeg_processor.cpython-312.pyc,.pyc,2517,31,0,0,0,0,1,0,0,0,0,0,0,0,0,0
ciel_omega/bio/__pycache__/eeg_processor.cpython-313.pyc,.pyc,2549,32,0,0,0,0,1,0,0,0,0,0,0,0,0,0
ciel_omega/bio/__pycache__/schumann.cpython-312.pyc,.pyc,2617,35,0,0,0,0,1,0,0,0,0,0,0,0,0,0
ciel_omega/bio/__pycache__/schumann.cpython-313.pyc,.pyc,2678,35,0,0,0,0,1,0,0,0,0,0,0,0,0,0
ciel_omega/bio/crystal_receiver.py,.py,1136,37,1,1,0,4,0,0,0,0,0,0,0,0,0,0
ciel_omega/bio/eeg_emotion_mapper.py,.py,1524,48,1,1,0,4,1,0,0,0,0,0,0,0,0,0
ciel_omega/bio/eeg_processor.py,.py,1458,51,2,1,0,4,1,0,0,0,0,0,0,0,0,0
ciel_omega/bio/schumann.py,.py,1392,47,4,1,0,5,1,0,0,0,0,0,0,0,0,0
ciel_omega/bootstrap_runtime.py,.py,877,28,2,0,0,4,0,0,0,0,0,0,0,0,0,1
ciel_omega/bridge/AGENT.md,.md,542,21,0,0,0,0,0,1,0,0,1,0,0,1,0,0
ciel_omega/bridge/README.md,.md,477,25,0,0,0,0,0,1,0,0,1,0,1,1,0,0
ciel_omega/bridge/__init__.py,.py,54,2,0,0,0,0,0,0,0,0,0,0,0,0,0,0
ciel_omega/bridge/__pycache__/__init__.cpython-312.pyc,.pyc,259,3,0,0,0,0,0,0,0,0,0,0,0,0,0,0
ciel_omega/bridge/__pycache__/__init__.cpython-313.pyc,.pyc,245,3,0,0,0,0,0,0,0,0,0,0,0,0,0,0
ciel_omega/bridge/__pycache__/memory_core_phase_bridge.cpython-312.pyc,.pyc,17463,100,0,0,0,0,1,1,0,0,1,1,1,1,0,1
ciel_omega/bridge/__pycache__/memory_core_phase_bridge.cpython-313.pyc,.pyc,17827,106,0,0,0,0,1,1,0,0,1,1,1,1,0,1
ciel_omega/bridge/memory_core_phase_bridge.py,.py,9754,208,14,7,6,10,1,1,0,0,1,1,1,1,0,1
ciel_omega/calibration/__init__.py,.py,68,2,0,0,0,0,0,0,0,0,0,0,0,0,0,0
ciel_omega/calibration/__pycache__/__init__.cpython-312.pyc,.pyc,278,3,0,0,0,0,0,0,0,0,0,0,0,0,0,0
ciel_omega/calibration/__pycache__/__init__.cpython-313.pyc,.pyc,264,3,0,0,0,0,0,0,0,0,0,0,0,0,0,0
ciel_omega/calibration/__pycache__/rcde.cpython-312.pyc,.pyc,4149,39,0,0,0,0,0,0,0,0,0,0,0,0,0,0
ciel_omega/calibration/__pycache__/rcde.cpython-313.pyc,.pyc,4259,47,0,0,0,0,0,0,0,0,0,0,0,0,0,0
ciel_omega/calibration/rcde.py,.py,2872,86,5,3,0,4,0,0,0,0,0,0,0,0,0,0
ciel_omega/ciel/__init__.py,.py,395,13,0,0,0,3,0,0,0,0,0,0,1,0,0,0
ciel_omega/ciel/__main__.py,.py,471,21,0,0,0,4,0,0,0,0,0,0,0,0,0,1
ciel_omega/ciel/__pycache__/__init__.cpython-312.pyc,.pyc,658,10,0,0,0,0,0,0,0,0,0,0,1,0,0,0
ciel_omega/ciel/__pycache__/__init__.cpython-313.pyc,.pyc,644,10,0,0,0,0,0,0,0,0,0,0,1,0,0,0
ciel_omega/ciel/__pycache__/__main__.cpython-313.pyc,.pyc,947,16,0,0,0,0,0,0,0,0,0,0,0,0,0,1
ciel_omega/ciel/__pycache__/cli.cpython-313.pyc,.pyc,3637,50,0,0,0,0,0,0,0,0,0,0,0,0,0,1
ciel_omega/ciel/__pycache__/engine.cpython-312.pyc,.pyc,14616,149,0,0,0,0,1,1,0,1,1,0,1,0,0,1
ciel_omega/ciel/__pycache__/engine.cpython-313.pyc,.pyc,14670,150,0,0,0,0,1,1,0,1,1,0,1,0,0,1
ciel_omega/ciel/__pycache__/gguf_backends.cpython-312.pyc,.pyc,9649,83,0,0,0,0,0,0,0,0,0,0,0,0,0,0
ciel_omega/ciel/__pycache__/gguf_backends.cpython-313.pyc,.pyc,9902,82,0,0,0,0,0,0,0,0,0,0,0,0,0,0
ciel_omega/ciel/__pycache__/language_backend.cpython-312.pyc,.pyc,1289,21,0,0,0,0,0,0,0,0,0,0,0,0,0,0
ciel_omega/ciel/__pycache__/language_backend.cpython-313.pyc,.pyc,1365,17,0,0,0,0,0,0,0,0,0,0,0,0,0,0
ciel_omega/ciel/__pycache__/llm_registry.cpython-312.pyc,.pyc,13795,172,0,0,0,0,0,0,0,0,0,0,1,0,0,0
ciel_omega/ciel/__pycache__/llm_registry.cpython-313.pyc,.pyc,13969,179,0,0,0,0,0,0,0,0,0,0,1,0,0,0
ciel_omega/ciel/cli.py,.py,1989,72,4,0,0,8,0,0,0,0,0,0,0,0,0,1
ciel_omega/ciel/engine.py,.py,11272,251,4,1,0,22,1,1,0,1,1,0,1,0,0,1
ciel_omega/ciel/gguf_backends.py,.py,7004,220,11,2,1,6,0,0,0,0,0,0,0,0,0,0
ciel_omega/ciel/hf_backends.py,.py,4589,135,10,2,1,4,0,0,0,0,0,0,0,0,0,0
ciel_omega/ciel/language_backend.py,.py,514,29,2,2,0,2,0,0,0,0,0,0,0,0,0,0
ciel_omega/ciel/llama_server_backends.py,.py,11484,337,18,3,2,12,0,1,0,0,0,0,0,0,0,0
ciel_omega/ciel/llm_registry.py,.py,12548,391,17,4,3,7,0,0,0,0,0,0,0,0,0,0
ciel_omega/ciel/memory/__init__.py,.py,159,4,0,0,0,1,0,1,0,0,0,0,0,0,0,1
ciel_omega/ciel/memory_prompt_context.py,.py,2509,65,2,0,0,2,1,1,0,0,1,0,0,0,0,0
ciel_omega/ciel/orbital_memory_governor.py,.py,6127,159,3,0,1,2,1,1,0,0,1,0,1,0,0,0
ciel_omega/ciel/orbital_memory_loop.py,.py,12381,327,8,3,3,3,1,1,0,0,0,0,1,0,0,0
ciel_omega/ciel/orbital_memory_persistence.py,.py,3409,94,10,1,1,4,0,1,0,0,0,0,1,0,0,1
ciel_omega/ciel/orbital_memory_retrieval.py,.py,6182,157,7,0,1,4,1,1,0,0,1,0,1,0,0,0
ciel_omega/ciel/orbital_sector_memory.py,.py,7535,181,5,0,3,4,1,1,1,1,0,1,1,0,0,1
ciel_omega/ciel_client.py,.py,7269,200,10,1,0,9,1,0,0,0,0,0,1,1,0,1
ciel_omega/ciel_inference_surface.py,.py,7566,195,8,1,0,9,1,0,0,0,0,0,0,0,0,1
ciel_omega/ciel_io/__init__.py,.py,130,5,0,0,0,0,0,0,0,0,0,0,0,0,0,0
ciel_omega/ciel_io/bootstrap.py,.py,2350,73,2,1,0,5,0,0,0,0,0,0,0,0,0,0
ciel_omega/ciel_io/reality_logger.py,.py,832,33,2,1,0,5,0,0,0,0,0,0,1,0,0,0
ciel_omega/ciel_io/simple_loader.py,.py,1658,56,2,1,0,4,0,0,0,0,0,0,0,0,0,0
ciel_omega/ciel_orchestrator.py,.py,9457,223,11,1,0,14,1,0,0,0,1,0,0,0,0,1
ciel_omega/ciel_wave/__init__.py,.py,237,9,0,0,0,1,0,0,0,0,0,0,0,0,0,0
ciel_omega/ciel_wave/__pycache__/__init__.cpython-312.pyc,.pyc,426,5,0,0,0,0,0,0,0,0,0,0,0,0,0,0
ciel_omega/ciel_wave/__pycache__/__init__.cpython-313.pyc,.pyc,412,5,0,0,0,0,0,0,0,0,0,0,0,0,0,0
ciel_omega/ciel_wave/__pycache__/fourier_kernel.cpython-312.pyc,.pyc,4511,48,0,0,0,0,0,0,0,0,0,0,0,0,0,0
ciel_omega/ciel_wave/__pycache__/fourier_kernel.cpython-313.pyc,.pyc,4705,47,0,0,0,0,0,0,0,0,0,0,0,0,0,0
ciel_omega/ciel_wave/fourier_kernel.py,.py,2809,75,3,2,0,6,0,0,0,0,0,0,0,0,0,0
ciel_omega/cognition/__init__.py,.py,82,2,0,0,0,0,0,0,0,0,0,0,0,0,0,0
ciel_omega/cognition/decision.py,.py,1106,44,1,1,0,4,0,0,0,0,0,0,0,0,0,0
ciel_omega/cognition/dissociation.py,.py,1666,54,1,1,0,5,1,0,0,0,0,0,0,0,0,0
ciel_omega/cognition/introspection.py,.py,1032,41,1,1,0,4,0,0,0,0,0,0,0,0,0,0
ciel_omega/cognition/intuition.py,.py,1693,56,4,1,0,4,0,1,0,0,0,0,0,0,0,0
ciel_omega/cognition/orchestrator.py,.py,2506,80,1,1,0,8,0,0,0,0,0,0,0,0,0,1
ciel_omega/cognition/perception.py,.py,1076,38,1,1,0,4,0,0,0,0,0,0,0,0,0,0
ciel_omega/cognition/prediction.py,.py,805,35,1,1,0,4,0,0,0,0,0,1,0,0,0,0
ciel_omega/compute/__init__.py,.py,121,6,0,0,0,1,0,0,0,0,0,0,0,0,0,0
ciel_omega/compute/gpu_engine.py,.py,2773,94,8,1,0,4,0,0,0,0,0,0,0,0,0,0
ciel_omega/config/__init__.py,.py,575,23,0,0,0,4,0,0,0,0,0,0,0,0,0,0
ciel_omega/config/__pycache__/__init__.cpython-312.pyc,.pyc,777,14,0,0,0,0,0,0,0,0,0,0,0,0,0,0
ciel_omega/config/__pycache__/__init__.cpython-313.pyc,.pyc,763,14,0,0,0,0,0,0,0,0,0,0,0,0,0,0
ciel_omega/config/__pycache__/ciel_config.cpython-312.pyc,.pyc,1868,37,0,0,0,0,0,1,0,0,0,0,0,0,0,0
ciel_omega/config/__pycache__/ciel_config.cpython-313.pyc,.pyc,1940,37,0,0,0,0,0,1,0,0,0,0,0,0,0,0
ciel_omega/config/__pycache__/constants.cpython-312.pyc,.pyc,4037,47,0,0,0,0,0,0,0,0,0,0,0,0,0,0
ciel_omega/config/__pycache__/constants.cpython-313.pyc,.pyc,4089,47,0,0,0,0,0,0,0,0,0,0,0,0,0,0
ciel_omega/config/__pycache__/reality_layers.cpython-312.pyc,.pyc,2985,30,0,0,0,0,0,1,0,0,0,0,0,0,1,0
ciel_omega/config/__pycache__/reality_layers.cpython-313.pyc,.pyc,3057,30,0,0,0,0,0,1,0,0,0,0,0,0,1,0
ciel_omega/config/ciel_config.py,.py,1166,44,0,2,0,3,0,1,0,0,0,0,0,0,0,0
ciel_omega/config/constants.py,.py,4825,110,2,2,0,3,1,0,0,0,0,0,0,0,0,0
ciel_omega/config/reality_layers.py,.py,2874,70,0,2,0,2,0,1,0,0,0,0,0,0,1,0
ciel_omega/conftest.py,.py,238,11,0,0,0,3,0,0,0,0,0,0,0,0,0,0
ciel_omega/constraints/AGENT.md,.md,525,21,0,0,0,0,0,1,0,0,0,0,0,1,0,0
ciel_omega/constraints/README.md,.md,460,25,0,0,0,0,0,1,0,0,0,0,1,1,0,0
ciel_omega/constraints/__init__.py,.py,361,16,0,0,1,0,1,0,0,0,0,0,0,1,0,0
ciel_omega/constraints/__pycache__/__init__.cpython-312.pyc,.pyc,439,4,0,0,0,0,1,0,0,0,0,0,0,1,0,0
ciel_omega/constraints/__pycache__/__init__.cpython-313.pyc,.pyc,425,4,0,0,0,0,1,0,0,0,0,0,0,1,0,0
ciel_omega/constraints/__pycache__/euler_constraint.cpython-312.pyc,.pyc,20390,170,0,0,0,0,1,1,0,0,0,1,1,1,0,0
ciel_omega/constraints/__pycache__/euler_constraint.cpython-313.pyc,.pyc,20724,170,0,0,0,0,1,1,0,0,0,1,1,1,0,0
ciel_omega/constraints/euler_constraint.py,.py,14323,346,19,1,1,6,1,1,0,0,0,1,1,1,0,0
ciel_omega/core/__init__.py,.py,210,8,0,0,0,0,0,0,0,0,0,0,0,0,0,0
ciel_omega/core/__pycache__/__init__.cpython-312.pyc,.pyc,415,10,0,0,0,0,0,0,0,0,0,0,0,0,0,0
ciel_omega/core/__pycache__/__init__.cpython-313.pyc,.pyc,401,10,0,0,0,0,0,0,0,0,0,0,0,0,0,0
ciel_omega/core/__pycache__/math_utils.cpython-312.pyc,.pyc,4062,63,0,0,0,0,1,0,0,0,0,0,0,0,0,0
ciel_omega/core/__pycache__/math_utils.cpython-313.pyc,.pyc,4059,63,0,0,0,0,1,0,0,0,0,0,0,0,0,0
ciel_omega/core/base.py,.py,712,31,3,1,0,3,0,0,0,0,0,0,0,0,0,0
ciel_omega/core/braid/__init__.py,.py,676,30,0,0,9,1,1,1,0,0,0,0,1,0,0,0
ciel_omega/core/braid/__pycache__/__init__.cpython-312.pyc,.pyc,867,16,0,0,0,0,1,1,0,0,0,0,1,0,0,0
ciel_omega/core/braid/__pycache__/__init__.cpython-313.pyc,.pyc,853,16,0,0,0,0,1,1,0,0,0,0,1,0,0,0
ciel_omega/core/braid/__pycache__/adapter.cpython-312.pyc,.pyc,3527,38,0,0,0,0,1,1,0,0,0,0,0,0,0,0
ciel_omega/core/braid/__pycache__/adapter.cpython-313.pyc,.pyc,3590,41,0,0,0,0,1,1,0,0,0,0,0,0,0,0
ciel_omega/core/braid/__pycache__/defaults.cpython-312.pyc,.pyc,3321,45,0,0,0,0,1,1,0,0,0,0,1,0,0,0
ciel_omega/core/braid/__pycache__/defaults.cpython-313.pyc,.pyc,3262,46,0,0,0,0,1,1,0,0,0,0,1,0,0,0
ciel_omega/core/braid/__pycache__/glyphs.cpython-312.pyc,.pyc,4021,35,0,0,0,0,0,1,0,0,0,0,0,0,0,0
ciel_omega/core/braid/__pycache__/glyphs.cpython-313.pyc,.pyc,4190,40,0,0,0,0,0,1,0,0,0,0,0,0,0,0
ciel_omega/core/braid/__pycache__/loops.cpython-312.pyc,.pyc,1487,32,0,0,0,0,1,1,0,0,0,0,0,0,0,0
ciel_omega/core/braid/__pycache__/loops.cpython-313.pyc,.pyc,1563,33,0,0,0,0,1,1,0,0,0,0,0,0,0,0
ciel_omega/core/braid/__pycache__/memory.cpython-312.pyc,.pyc,3320,25,0,0,0,0,1,1,0,0,0,0,0,0,0,0
ciel_omega/core/braid/__pycache__/memory.cpython-313.pyc,.pyc,3373,27,0,0,0,0,1,1,0,0,0,0,0,0,0,0
ciel_omega/core/braid/__pycache__/nonlocal_coupling.cpython-312.pyc,.pyc,27596,269,0,0,0,0,1,1,0,0,1,0,1,0,0,0
ciel_omega/core/braid/__pycache__/phase_field.cpython-312.pyc,.pyc,1444,16,0,0,0,0,1,0,0,0,0,0,0,0,0,0
ciel_omega/core/braid/__pycache__/phase_field.cpython-313.pyc,.pyc,1487,23,0,0,0,0,1,0,0,0,0,0,0,0,0,0
ciel_omega/core/braid/__pycache__/runtime.cpython-312.pyc,.pyc,5369,65,0,0,0,0,1,1,0,0,0,0,1,0,0,0
ciel_omega/core/braid/__pycache__/runtime.cpython-313.pyc,.pyc,5380,67,0,0,0,0,1,1,0,0,0,0,1,0,0,0
ciel_omega/core/braid/__pycache__/scars.cpython-312.pyc,.pyc,3120,30,0,0,0,0,1,1,0,0,0,0,1,0,0,0
ciel_omega/core/braid/__pycache__/scars.cpython-313.pyc,.pyc,3203,38,0,0,0,0,1,1,0,0,0,0,1,0,0,0
ciel_omega/core/braid/__pycache__/scheduler.cpython-312.pyc,.pyc,1474,29,0,0,0,0,0,0,0,0,0,0,0,0,0,0
ciel_omega/core/braid/__pycache__/scheduler.cpython-313.pyc,.pyc,1517,27,0,0,0,0,0,0,0,0,0,0,0,0,0,0
ciel_omega/core/braid/adapter.py,.py,2288,72,3,1,2,3,1,1,0,0,0,0,0,0,0,0
ciel_omega/core/braid/defaults.py,.py,2479,88,4,0,7,3,1,1,0,0,0,0,1,0,0,0
ciel_omega/core/braid/glyphs.py,.py,1733,64,6,4,2,3,0,1,0,0,0,0,0,0,0,0
ciel_omega/core/braid/loops.py,.py,661,34,0,2,1,4,1,1,0,0,0,0,0,0,0,0
ciel_omega/core/braid/memory.py,.py,1406,58,4,2,0,4,1,1,0,0,0,0,0,0,0,0
ciel_omega/core/braid/nonlocal_coupling.py,.py,30194,813,19,0,1,4,1,1,0,0,1,0,1,0,0,0
ciel_omega/core/braid/phase_field.py,.py,574,23,2,1,0,4,1,0,0,0,0,0,0,0,0,0
ciel_omega/core/braid/runtime.py,.py,3480,114,6,1,6,6,1,1,0,0,0,0,1,0,0,0
ciel_omega/core/braid/scars.py,.py,1651,65,4,2,0,5,1,1,0,0,0,0,1,0,0,0
ciel_omega/core/braid/scheduler.py,.py,507,21,2,1,1,3,0,0,0,0,0,0,0,0,0,0
ciel_omega/core/math_utils.py,.py,2408,87,6,0,0,2,1,0,0,0,0,0,0,0,0,0
ciel_omega/core/physics/__init__.py,.py,65,2,0,0,0,0,0,0,0,0,0,0,0,0,0,0
ciel_omega/core/physics/__pycache__/__init__.cpython-312.pyc,.pyc,276,3,0,0,0,0,0,0,0,0,0,0,0,0,0,0
ciel_omega/core/physics/__pycache__/__init__.cpython-313.pyc,.pyc,262,3,0,0,0,0,0,0,0,0,0,0,0,0,0,0
ciel_omega/core/physics/__pycache__/ciel0_framework.cpython-312.pyc,.pyc,35313,339,0,0,0,0,1,0,0,0,0,1,0,1,1,0
ciel_omega/core/physics/__pycache__/ciel0_framework.cpython-313.pyc,.pyc,34815,347,0,0,0,0,1,0,0,0,0,1,0,1,1,0
ciel_omega/core/physics/ciel0_framework.py,.py,26823,693,21,2,0,9,1,0,0,0,0,1,0,1,1,0
ciel_omega/core/physics/csf_simulator.py,.py,4420,137,5,3,0,5,1,0,0,0,0,0,0,0,0,1
ciel_omega/core/physics/definite_kernel.py,.py,12343,274,4,1,0,8,1,0,0,0,0,0,0,0,0,0
ciel_omega/core/physics/reality_expander.py,.py,979,39,1,1,0,4,0,0,0,0,0,0,0,0,0,0
ciel_omega/core/physics/reality_laws.py,.py,9860,223,15,2,0,5,1,0,0,0,0,0,0,1,1,0
ciel_omega/core/quantum/__init__.py,.py,71,2,0,0,0,0,0,0,0,0,0,0,0,0,0,0
ciel_omega/core/quantum/__pycache__/quantum_engine.cpython-313.pyc,.pyc,40130,360,0,0,0,0,1,0,0,0,0,1,0,1,1,0
ciel_omega/core/quantum/quantum_engine.py,.py,20430,509,32,6,0,14,1,0,0,0,0,1,0,1,1,0
ciel_omega/core/quantum/quantum_optimiser.py,.py,1537,50,1,1,0,3,0,0,0,0,0,0,0,0,0,0
ciel_omega/core/quantum/resonance_kernel.py,.py,1708,57,4,1,0,6,0,0,0,0,0,0,0,0,1,0
ciel_omega/coriolis_cymatics.py,.py,17184,450,8,2,0,6,1,0,0,1,0,0,0,0,1,0
ciel_omega/demo_ciel_omega_complete.py,.py,18268,445,6,1,0,12,1,1,1,0,0,0,1,0,0,1
ciel_omega/demo_full_pipeline.py,.py,25322,530,1,0,0,38,1,1,1,0,0,1,1,0,0,1
ciel_omega/demo_holonomic_orchestrator.py,.py,3236,49,1,0,0,1,0,1,0,0,0,0,0,0,0,1
ciel_omega/demo_holonomy_eba.py,.py,11867,334,4,0,0,2,1,1,0,0,1,1,1,1,1,0
ciel_omega/demo_m0_perceptual_memory.py,.py,1575,39,1,0,0,1,1,1,0,0,0,0,1,0,0,0
ciel_omega/demo_m1_working_memory.py,.py,1388,43,1,0,0,1,1,1,0,0,0,0,1,0,0,0
ciel_omega/demo_m3_semantic_memory.py,.py,2932,88,5,0,0,1,1,1,0,0,0,0,1,0,0,0
ciel_omega/demo_m4_procedural_memory.py,.py,2411,56,2,0,0,1,1,1,0,0,0,0,1,0,0,0
ciel_omega/demo_m5_affective_memory.py,.py,2367,57,2,0,0,1,1,1,0,0,0,0,1,0,0,0
ciel_omega/demo_m6_identity_memory.py,.py,10966,281,5,0,0,2,1,1,0,1,0,0,1,0,1,0
ciel_omega/demo_memory_system.py,.py,13067,402,7,0,0,3,1,1,0,0,1,0,1,1,1,1
ciel_omega/demo_unified_euler.py,.py,648,24,1,0,1,4,1,0,0,0,0,0,1,1,0,0
ciel_omega/demo_validation_fixes.py,.py,10250,309,5,0,0,3,1,1,0,0,0,0,1,1,1,1
ciel_omega/demo_vocabulary_resolve.py,.py,867,29,1,0,0,4,1,0,0,0,0,0,0,1,0,0
ciel_omega/emotion/__init__.py,.py,84,2,0,0,0,0,0,0,0,0,0,0,0,0,0,0
ciel_omega/emotion/__pycache__/__init__.cpython-312.pyc,.pyc,290,3,0,0,0,0,0,0,0,0,0,0,0,0,0,0
ciel_omega/emotion/__pycache__/__init__.cpython-313.pyc,.pyc,276,3,0,0,0,0,0,0,0,0,0,0,0,0,0,0
ciel_omega/emotion/__pycache__/emotion_core.cpython-312.pyc,.pyc,3661,31,0,0,0,0,0,0,0,0,0,0,0,0,0,0
ciel_omega/emotion/__pycache__/emotion_core.cpython-313.pyc,.pyc,3689,31,0,0,0,0,0,0,0,0,0,0,0,0,0,0
ciel_omega/emotion/affective_orchestrator.py,.py,2159,67,1,1,0,8,0,0,0,0,0,0,0,0,0,1
ciel_omega/emotion/cqcl/__init__.py,.py,327,8,0,0,0,3,0,0,0,0,0,0,0,0,0,0
ciel_omega/emotion/cqcl/__pycache__/__init__.cpython-312.pyc,.pyc,540,4,0,0,0,0,0,0,0,0,0,0,0,0,0,0
ciel_omega/emotion/cqcl/__pycache__/__init__.cpython-313.pyc,.pyc,526,4,0,0,0,0,0,0,0,0,0,0,0,0,0,0
ciel_omega/emotion/cqcl/__pycache__/cqcl_program.cpython-312.pyc,.pyc,4103,37,0,0,0,0,0,0,0,0,0,0,0,0,0,0
ciel_omega/emotion/cqcl/__pycache__/cqcl_program.cpython-313.pyc,.pyc,4159,33,0,0,0,0,0,0,0,0,0,0,0,0,0,0
ciel_omega/emotion/cqcl/__pycache__/emotional_collatz.cpython-312.pyc,.pyc,22491,192,0,0,0,0,1,0,0,0,0,0,0,0,0,0
ciel_omega/emotion/cqcl/__pycache__/emotional_collatz.cpython-313.pyc,.pyc,22471,183,0,0,0,0,1,0,0,0,0,0,0,0,0,0
ciel_omega/emotion/cqcl/__pycache__/quantum_engine.cpython-312.pyc,.pyc,6388,67,0,0,0,0,0,0,0,0,0,0,0,0,0,0
ciel_omega/emotion/cqcl/__pycache__/quantum_engine.cpython-313.pyc,.pyc,6204,69,0,0,0,0,0,0,0,0,0,0,0,0,0,0
ciel_omega/emotion/cqcl/cqcl_compiler.py,.py,286,7,0,0,0,2,0,0,0,0,0,0,0,0,0,0
ciel_omega/emotion/cqcl/cqcl_program.py,.py,2465,84,4,1,0,5,0,0,0,0,0,0,0,0,0,0
ciel_omega/emotion/cqcl/emotional_collatz.py,.py,15076,310,12,1,0,8,1,0,0,0,0,0,0,0,0,0
ciel_omega/emotion/cqcl/quantum_engine.py,.py,3355,89,5,1,0,4,0,0,0,0,0,0,0,0,0,0
ciel_omega/emotion/emotion_core.py,.py,1638,51,3,1,0,4,0,0,0,0,0,0,0,0,0,0
ciel_omega/emotion/empathic_engine.py,.py,1028,38,2,1,0,3,1,0,0,0,0,0,0,0,0,0
ciel_omega/emotion/feeling_field.py,.py,735,32,1,1,0,3,0,0,0,0,0,0,0,0,1,0
ciel_omega/emotion/utils.py,.py,3223,105,3,0,0,4,0,0,0,0,0,0,0,0,0,0
ciel_omega/ethics/__init__.py,.py,72,2,0,0,0,0,0,0,0,0,0,0,0,1,0,0
ciel_omega/ethics/__pycache__/__init__.cpython-312.pyc,.pyc,277,3,0,0,0,0,0,0,0,0,0,0,0,1,0,0
ciel_omega/ethics/__pycache__/__init__.cpython-313.pyc,.pyc,263,3,0,0,0,0,0,0,0,0,0,0,0,1,0,0
ciel_omega/ethics/__pycache__/ethical_engine.cpython-312.pyc,.pyc,4299,62,0,0,0,0,0,0,0,0,0,1,0,0,0,0
ciel_omega/ethics/__pycache__/ethical_engine.cpython-313.pyc,.pyc,4395,48,0,0,0,0,0,0,0,0,0,1,0,0,0,0
ciel_omega/ethics/__pycache__/ethics_guard.cpython-312.pyc,.pyc,1720,25,0,0,0,0,0,0,0,0,0,0,0,1,0,0
ciel_omega/ethics/__pycache__/ethics_guard.cpython-313.pyc,.pyc,1800,26,0,0,0,0,0,0,0,0,0,0,0,1,0,0
ciel_omega/ethics/ethical_engine.py,.py,3222,101,6,3,0,5,0,0,0,0,0,1,0,0,0,0
ciel_omega/ethics/ethics_guard.py,.py,1071,35,2,1,0,1,0,0,0,0,0,0,0,1,0,0
ciel_omega/experiments/__init__.py,.py,68,2,0,0,0,0,0,0,0,0,0,0,1,0,0,0
ciel_omega/experiments/intentional_tetra_or/__init__.py,.py,233,6,0,0,0,1,0,0,0,1,0,0,0,0,0,0
ciel_omega/experiments/intentional_tetra_or/dual_tetra_or.py,.py,15436,404,18,1,0,10,1,0,0,1,0,0,0,0,1,0
ciel_omega/experiments/lab_registry.py,.py,6124,183,14,1,0,9,1,0,1,0,0,0,1,0,0,0
ciel_omega/ext/README.md,.md,383,14,0,0,0,0,0,0,0,0,0,0,0,0,0,0
ciel_omega/ext/ext1.py,.py,2186,52,3,0,0,16,0,0,0,0,0,0,0,0,0,0
ciel_omega/ext/ext10.py,.py,2835,65,4,0,0,9,0,0,0,0,0,1,0,0,0,1
ciel_omega/ext/ext17.py,.py,2032,38,1,0,0,12,0,0,0,0,0,0,1,0,0,0
ciel_omega/ext/ext18.py,.py,3966,95,3,1,0,20,0,1,0,0,0,0,0,0,0,0
ciel_omega/ext/ext19.py,.py,2319,52,7,2,0,10,0,1,0,0,0,0,0,0,0,0
ciel_omega/ext/ext2.py,.py,2569,63,3,1,0,8,0,0,0,0,0,0,1,0,0,0
ciel_omega/ext/ext20.py,.py,2170,44,5,0,0,15,0,1,0,0,0,0,1,0,0,0
ciel_omega/ext/ext21.py,.py,1493,39,0,0,0,11,0,1,0,0,0,0,1,0,0,0
ciel_omega/ext/ext3.py,.py,2424,62,4,1,0,17,0,1,0,0,0,0,0,0,0,0
ciel_omega/ext/ext4.py,.py,1038,27,1,0,0,5,0,0,0,0,0,0,0,0,0,0
ciel_omega/ext/ext5.py,.py,2173,58,1,0,0,8,1,0,1,0,0,0,1,0,0,0
ciel_omega/ext/ext6.py,.py,1669,47,1,0,0,7,1,0,0,0,0,0,0,0,0,0
ciel_omega/ext/ext7.py,.py,3286,93,6,1,0,15,0,1,0,0,0,0,0,0,0,1
ciel_omega/ext/ext8.py,.py,2388,54,1,0,0,10,0,0,0,0,0,0,0,0,0,0
ciel_omega/ext/ext9.py,.py,2310,52,1,0,0,9,1,0,0,0,0,0,0,0,1,1
ciel_omega/ext/extemot.py,.py,2494,52,4,0,0,10,0,0,0,0,0,0,0,0,0,0
ciel_omega/ext/extfwcku.py,.py,606,18,0,0,0,6,0,0,0,0,0,0,0,0,0,0
ciel_omega/fields/AGENT.md,.md,510,20,0,0,0,0,0,0,0,0,0,0,0,1,0,0
ciel_omega/fields/README.md,.md,444,24,0,0,0,0,0,0,0,0,0,0,1,1,0,0
ciel_omega/fields/__init__.py,.py,269,6,0,0,0,3,0,0,0,0,0,0,0,0,0,0
ciel_omega/fields/__pycache__/__init__.cpython-312.pyc,.pyc,526,5,0,0,0,0,0,0,0,0,0,0,0,0,0,0
ciel_omega/fields/__pycache__/__init__.cpython-313.pyc,.pyc,512,5,0,0,0,0,0,0,0,0,0,0,0,0,0,0
ciel_omega/fields/__pycache__/aether_field.cpython-312.pyc,.pyc,2147,28,0,0,0,0,0,0,0,0,0,0,0,0,0,0
ciel_omega/fields/__pycache__/aether_field.cpython-313.pyc,.pyc,2196,28,0,0,0,0,0,0,0,0,0,0,0,0,0,0
ciel_omega/fields/__pycache__/intention_field.cpython-312.pyc,.pyc,3158,42,0,0,0,0,0,0,0,0,0,0,0,0,0,0
ciel_omega/fields/__pycache__/intention_field.cpython-313.pyc,.pyc,3204,40,0,0,0,0,0,0,0,0,0,0,0,0,0,0
ciel_omega/fields/__pycache__/soul_invariant.cpython-312.pyc,.pyc,4344,48,0,0,0,0,0,0,0,0,0,0,0,0,0,0
ciel_omega/fields/__pycache__/soul_invariant.cpython-313.pyc,.pyc,4433,48,0,0,0,0,0,0,0,0,0,0,0,0,0,0
ciel_omega/fields/aether_field.py,.py,1180,41,1,1,1,4,0,0,0,0,0,0,0,0,0,0
ciel_omega/fields/intention_field.py,.py,1708,58,3,1,0,4,0,0,0,0,0,0,0,0,0,0
ciel_omega/fields/psych_field.py,.py,1387,47,2,1,0,4,1,0,0,0,0,0,0,0,0,0
ciel_omega/fields/sigma_series.py,.py,1467,50,2,1,0,4,0,0,0,0,0,0,0,0,0,0
ciel_omega/fields/soul_invariant.py,.py,2034,68,4,2,0,3,0,0,0,0,0,0,0,0,0,0
ciel_omega/fields/unified_sigma_field.py,.py,1942,60,4,1,0,5,0,0,0,0,0,0,0,0,0,0
ciel_omega/holonomy_cosmic_seismic.py,.py,20166,577,21,3,0,10,1,0,0,0,1,1,0,0,0,0
ciel_omega/inference/README.md,.md,282,10,0,0,0,0,0,0,0,0,0,0,0,0,0,0
ciel_omega/inference/__init__.py,.py,368,10,0,0,3,0,1,0,0,0,0,0,0,0,0,0
ciel_omega/inference/__pycache__/__init__.cpython-312.pyc,.pyc,669,11,0,0,0,0,1,0,0,0,0,0,0,0,0,0
ciel_omega/inference/__pycache__/__init__.cpython-313.pyc,.pyc,655,11,0,0,0,0,1,0,0,0,0,0,0,0,0,0
ciel_omega/inference/__pycache__/gguf_backend.cpython-312.pyc,.pyc,6793,70,0,0,0,0,0,0,0,0,0,0,0,0,0,0
ciel_omega/inference/__pycache__/gguf_backend.cpython-313.pyc,.pyc,6896,80,0,0,0,0,0,0,0,0,0,0,0,0,0,0
ciel_omega/inference/__pycache__/middleware.cpython-312.pyc,.pyc,10867,107,0,0,0,0,1,0,0,0,0,0,0,0,0,0
ciel_omega/inference/__pycache__/middleware.cpython-313.pyc,.pyc,11053,110,0,0,0,0,1,0,0,0,0,0,0,0,0,0
ciel_omega/inference/__pycache__/topology_api.cpython-312.pyc,.pyc,4597,36,0,0,0,0,1,0,0,0,0,0,0,0,0,0
ciel_omega/inference/__pycache__/topology_api.cpython-313.pyc,.pyc,4640,37,0,0,0,0,1,0,0,0,0,0,0,0,0,0
ciel_omega/inference/gguf_backend.py,.py,3219,93,8,2,0,8,0,0,0,0,0,0,0,0,0,0
ciel_omega/inference/middleware.py,.py,9260,231,13,0,3,7,1,0,0,0,0,0,0,0,0,0
ciel_omega/inference/topology_api.py,.py,2701,82,7,0,2,5,1,0,0,0,0,0,0,0,0,0
ciel_omega/integration/__init__.py,.py,77,2,0,0,0,0,0,0,0,0,0,0,0,0,0,0
ciel_omega/integration/__pycache__/__init__.cpython-312.pyc,.pyc,287,3,0,0,0,0,0,0,0,0,0,0,0,0,0,0
ciel_omega/integration/__pycache__/__init__.cpython-313.pyc,.pyc,273,3,0,0,0,0,0,0,0,0,0,0,0,0,0,0
ciel_omega/integration/__pycache__/information_flow.cpython-312.pyc,.pyc,4046,54,0,0,0,0,1,1,0,0,0,0,0,0,0,0
ciel_omega/integration/__pycache__/information_flow.cpython-313.pyc,.pyc,4015,53,0,0,0,0,1,1,0,0,0,0,0,0,0,0
ciel_omega/integration/information_flow.py,.py,2732,77,1,1,0,11,1,1,0,0,0,0,0,0,0,0
ciel_omega/llm/ASSET_MANIFEST.md,.md,428,18,0,0,0,0,0,0,0,0,0,0,0,0,0,0
ciel_omega/llm/adapters/llama_cpp/bin/llama-server,,12078416,52315,0,0,0,0,1,1,1,1,0,1,1,1,0,0
ciel_omega/llm/models/README_EXTERNAL_MODEL.md,.md,464,14,0,0,0,0,0,0,0,0,0,0,0,0,0,0
ciel_omega/main.py,.py,210,11,0,0,0,2,0,0,0,0,0,0,0,0,0,1
ciel_omega/mathematics/__init__.py,.py,79,2,0,0,0,0,0,0,0,0,0,0,0,0,0,0
ciel_omega/mathematics/__pycache__/__init__.cpython-312.pyc,.pyc,289,3,0,0,0,0,0,0,0,0,0,0,0,0,0,0
ciel_omega/mathematics/__pycache__/__init__.cpython-313.pyc,.pyc,275,3,0,0,0,0,0,0,0,0,0,0,0,0,0,0
ciel_omega/mathematics/__pycache__/safe_operations.cpython-312.pyc,.pyc,7268,105,0,0,0,0,0,0,0,0,0,0,0,0,0,0
ciel_omega/mathematics/__pycache__/safe_operations.cpython-313.pyc,.pyc,7327,105,0,0,0,0,0,0,0,0,0,0,0,0,0,0
ciel_omega/mathematics/lie4/__init__.py,.py,73,2,0,0,0,0,0,0,0,0,0,0,0,0,0,0
ciel_omega/mathematics/lie4/__pycache__/__init__.cpython-312.pyc,.pyc,288,3,0,0,0,0,0,0,0,0,0,0,0,0,0,0
ciel_omega/mathematics/lie4/__pycache__/__init__.cpython-313.pyc,.pyc,274,3,0,0,0,0,0,0,0,0,0,0,0,0,0,0
ciel_omega/mathematics/lie4/__pycache__/collatz_lie4.cpython-312.pyc,.pyc,3396,37,0,0,0,0,0,0,0,0,0,0,0,0,0,0
ciel_omega/mathematics/lie4/__pycache__/collatz_lie4.cpython-313.pyc,.pyc,3459,30,0,0,0,0,0,0,0,0,0,0,0,0,0,0
ciel_omega/mathematics/lie4/collatz_lie4.py,.py,1542,56,4,1,0,4,0,0,0,0,0,0,0,0,0,0
ciel_omega/mathematics/lie4/lie4_full.py,.py,28607,776,40,15,0,10,1,1,0,0,0,1,0,1,1,0
ciel_omega/mathematics/lie4/matrix_engine.py,.py,1831,58,5,1,0,4,0,0,0,0,0,0,0,0,0,0
ciel_omega/mathematics/paradoxes/__init__.py,.py,85,2,0,0,0,0,0,0,0,0,0,0,1,0,0,0
ciel_omega/mathematics/paradoxes/paradox_operators.py,.py,3503,108,7,5,0,4,1,0,1,0,0,0,1,0,0,0
ciel_omega/mathematics/paradoxes/ultimate_operators.py,.py,64124,1487,94,7,0,15,1,1,1,1,0,1,1,0,1,0
ciel_omega/mathematics/safe_operations.py,.py,4161,121,10,1,0,5,0,0,0,0,0,0,0,0,0,0
ciel_omega/mathematics/universal_law/__init__.py,.py,98,2,0,0,0,0,0,0,0,0,0,0,0,0,0,0
ciel_omega/mathematics/universal_law/universal_engine.py,.py,27269,637,44,8,0,12,1,0,0,0,0,1,0,0,1,0
ciel_omega/memory/AGENT.md,.md,512,20,0,0,0,0,0,1,0,0,0,0,0,1,0,0
ciel_omega/memory/README.md,.md,446,24,0,0,0,0,0,1,0,0,0,0,1,1,0,0
ciel_omega/memory/__init__.py,.py,3957,178,0,0,24,0,1,1,0,0,1,0,1,0,1,1
ciel_omega/memory/__pycache__/__init__.cpython-312.pyc,.pyc,3185,31,0,0,0,0,1,1,0,0,1,0,1,0,1,1
ciel_omega/memory/__pycache__/__init__.cpython-313.pyc,.pyc,3171,31,0,0,0,0,1,1,0,0,1,0,1,0,1,1
ciel_omega/memory/__pycache__/affective_memory.cpython-312.pyc,.pyc,23154,184,0,0,0,0,1,1,0,0,0,0,1,0,0,0
ciel_omega/memory/__pycache__/affective_memory.cpython-313.pyc,.pyc,23185,178,0,0,0,0,1,1,0,0,0,0,1,0,0,0
ciel_omega/memory/__pycache__/affective_types.cpython-312.pyc,.pyc,4600,79,0,0,0,0,1,1,0,0,0,0,1,0,0,0
ciel_omega/memory/__pycache__/affective_types.cpython-313.pyc,.pyc,4766,87,0,0,0,0,1,1,0,0,0,0,1,0,0,0
ciel_omega/memory/__pycache__/audit_journal.cpython-312.pyc,.pyc,14542,219,0,0,0,0,1,1,0,0,1,0,1,0,0,1
ciel_omega/memory/__pycache__/audit_journal.cpython-313.pyc,.pyc,14763,220,0,0,0,0,1,1,0,0,1,0,1,0,0,1
ciel_omega/memory/__pycache__/base.cpython-312.pyc,.pyc,12250,158,0,0,0,0,1,1,0,0,0,1,1,0,0,0
ciel_omega/memory/__pycache__/base.cpython-313.pyc,.pyc,12130,144,0,0,0,0,1,1,0,0,0,1,1,0,0,0
ciel_omega/memory/__pycache__/braid_invariant.cpython-312.pyc,.pyc,13411,136,0,0,0,0,1,1,0,0,1,1,1,0,0,0
ciel_omega/memory/__pycache__/braid_invariant.cpython-313.pyc,.pyc,13332,136,0,0,0,0,1,1,0,0,1,1,1,0,0,0
ciel_omega/memory/__pycache__/coupling.cpython-312.pyc,.pyc,14705,184,0,0,0,0,1,1,0,0,0,1,1,0,0,0
ciel_omega/memory/__pycache__/coupling.cpython-313.pyc,.pyc,14267,175,0,0,0,0,1,1,0,0,0,1,1,0,0,0
ciel_omega/memory/__pycache__/dynamics.cpython-312.pyc,.pyc,16028,230,0,0,0,0,1,1,0,0,0,1,1,1,1,0
ciel_omega/memory/__pycache__/dynamics.cpython-313.pyc,.pyc,14759,222,0,0,0,0,1,1,0,0,0,1,1,1,1,0
ciel_omega/memory/__pycache__/episodic.cpython-312.pyc,.pyc,15188,175,0,0,0,0,1,1,0,0,0,0,1,0,0,0
ciel_omega/memory/__pycache__/episodic.cpython-313.pyc,.pyc,15204,185,0,0,0,0,1,1,0,0,0,0,1,0,0,0
ciel_omega/memory/__pycache__/holonomy.cpython-312.pyc,.pyc,12008,196,0,0,0,0,1,1,0,0,1,0,1,1,1,0
ciel_omega/memory/__pycache__/holonomy.cpython-313.pyc,.pyc,11348,190,0,0,0,0,1,1,0,0,1,0,1,1,1,0
ciel_omega/memory/__pycache__/identity_memory.cpython-312.pyc,.pyc,17024,241,0,0,0,0,1,1,0,1,0,0,1,0,1,0
ciel_omega/memory/__pycache__/identity_memory.cpython-313.pyc,.pyc,16454,245,0,0,0,0,1,1,0,1,0,0,1,0,1,0
ciel_omega/memory/__pycache__/identity_types.cpython-312.pyc,.pyc,7545,86,0,0,0,0,1,1,0,1,0,0,1,0,1,0
ciel_omega/memory/__pycache__/identity_types.cpython-313.pyc,.pyc,7561,82,0,0,0,0,1,1,0,1,0,0,1,0,1,0
ciel_omega/memory/__pycache__/long_term.cpython-312.pyc,.pyc,3620,48,0,0,0,0,0,1,0,0,0,0,0,0,0,0
ciel_omega/memory/__pycache__/long_term.cpython-313.pyc,.pyc,3681,49,0,0,0,0,0,1,0,0,0,0,0,0,0,0
ciel_omega/memory/__pycache__/memory_log.cpython-312.pyc,.pyc,3085,30,0,0,0,0,0,1,0,0,0,0,1,0,0,0
ciel_omega/memory/__pycache__/memory_log.cpython-313.pyc,.pyc,3182,37,0,0,0,0,0,1,0,0,0,0,1,0,0,0
ciel_omega/memory/__pycache__/orchestrator.cpython-312.pyc,.pyc,26949,212,0,0,0,0,1,1,0,0,1,0,1,0,0,1
ciel_omega/memory/__pycache__/orchestrator.cpython-313.pyc,.pyc,25407,199,0,0,0,0,1,1,0,0,1,0,1,0,0,1
ciel_omega/memory/__pycache__/orchestrator_types.cpython-312.pyc,.pyc,2729,37,0,0,0,0,1,1,0,0,1,0,1,0,0,1
ciel_omega/memory/__pycache__/orchestrator_types.cpython-313.pyc,.pyc,2841,36,0,0,0,0,1,1,0,0,1,0,1,0,0,1
ciel_omega/memory/__pycache__/perceptual_memory.cpython-312.pyc,.pyc,14645,137,0,0,0,0,1,1,0,0,0,1,1,0,0,0
ciel_omega/memory/__pycache__/perceptual_memory.cpython-313.pyc,.pyc,14830,135,0,0,0,0,1,1,0,0,0,1,1,0,0,0
ciel_omega/memory/__pycache__/perceptual_types.cpython-312.pyc,.pyc,2668,28,0,0,0,0,1,1,0,0,0,0,1,0,0,0
ciel_omega/memory/__pycache__/perceptual_types.cpython-313.pyc,.pyc,2764,36,0,0,0,0,1,1,0,0,0,0,1,0,0,0
ciel_omega/memory/__pycache__/potential.cpython-312.pyc,.pyc,17984,322,0,0,0,0,1,1,0,0,1,1,1,0,1,0
ciel_omega/memory/__pycache__/potential.cpython-313.pyc,.pyc,16781,318,0,0,0,0,1,1,0,0,1,1,1,0,1,0
ciel_omega/memory/__pycache__/procedural_memory.cpython-312.pyc,.pyc,22030,145,0,0,0,0,1,1,0,0,0,0,1,0,0,0
ciel_omega/memory/__pycache__/procedural_memory.cpython-313.pyc,.pyc,22452,137,0,0,0,0,1,1,0,0,0,0,1,0,0,0
ciel_omega/memory/__pycache__/procedural_types.cpython-312.pyc,.pyc,4567,87,0,0,0,0,1,1,0,0,0,0,1,0,0,0
ciel_omega/memory/__pycache__/procedural_types.cpython-313.pyc,.pyc,4743,97,0,0,0,0,1,1,0,0,0,0,1,0,0,0
ciel_omega/memory/__pycache__/semantic_memory.cpython-312.pyc,.pyc,18634,149,0,0,0,0,1,1,0,0,0,0,1,0,0,0
ciel_omega/memory/__pycache__/semantic_memory.cpython-313.pyc,.pyc,18819,145,0,0,0,0,1,1,0,0,0,0,1,0,0,0
ciel_omega/memory/__pycache__/semantic_types.cpython-312.pyc,.pyc,4502,76,0,0,0,0,1,1,0,0,0,0,1,0,0,0
ciel_omega/memory/__pycache__/semantic_types.cpython-313.pyc,.pyc,4680,85,0,0,0,0,1,1,0,0,0,0,1,0,0,0
ciel_omega/memory/__pycache__/working_memory.cpython-312.pyc,.pyc,15187,127,0,0,0,0,1,1,0,0,0,1,1,0,0,0
ciel_omega/memory/__pycache__/working_memory.cpython-313.pyc,.pyc,14830,145,0,0,0,0,1,1,0,0,0,1,1,0,0,0
ciel_omega/memory/__pycache__/working_types.cpython-312.pyc,.pyc,2509,31,0,0,0,0,1,1,0,0,0,0,1,0,0,0
ciel_omega/memory/__pycache__/working_types.cpython-313.pyc,.pyc,2605,34,0,0,0,0,1,1,0,0,0,0,1,0,0,0
ciel_omega/memory/affective_memory.py,.py,16193,357,18,1,3,8,1,1,0,0,0,0,1,0,0,0
ciel_omega/memory/affective_types.py,.py,2976,109,2,4,0,3,1,1,0,0,0,0,1,0,0,0
ciel_omega/memory/audit_journal.py,.py,12610,367,17,2,1,6,1,1,0,0,1,0,1,0,0,1
ciel_omega/memory/base.py,.py,9278,254,18,4,0,5,1,1,0,0,0,1,1,0,0,0
ciel_omega/memory/braid_invariant.py,.py,10000,288,14,2,1,4,1,1,0,0,1,1,1,0,0,0
ciel_omega/memory/coupling.py,.py,12350,326,9,1,1,3,1,1,0,0,0,1,1,0,0,0
ciel_omega/memory/dynamics.py,.py,14718,418,11,2,4,5,1,1,0,0,1,1,1,1,1,0
ciel_omega/memory/episodic.py,.py,12261,348,13,2,1,6,1,1,0,0,0,0,1,0,0,0
ciel_omega/memory/holonomy.py,.py,12033,342,11,2,2,4,1,1,0,0,1,0,1,1,1,0
ciel_omega/memory/identity_memory.py,.py,17902,470,12,1,3,4,1,1,0,1,0,0,1,0,1,0
ciel_omega/memory/identity_types.py,.py,6532,165,7,4,0,4,1,1,0,1,0,0,1,0,1,0
ciel_omega/memory/long_term.py,.py,1715,56,4,1,0,6,0,1,0,0,0,0,0,0,0,0
ciel_omega/memory/memory_log.py,.py,1369,46,4,1,0,6,0,1,0,0,0,0,1,0,0,0
ciel_omega/memory/monolith/__init__.py,.py,467,12,0,0,0,3,0,1,0,0,0,0,0,0,0,1
ciel_omega/memory/monolith/__pycache__/__init__.cpython-312.pyc,.pyc,694,10,0,0,0,0,0,1,0,0,0,0,0,0,0,1
ciel_omega/memory/monolith/__pycache__/__init__.cpython-313.pyc,.pyc,680,10,0,0,0,0,0,1,0,0,0,0,0,0,0,1
ciel_omega/memory/monolith/__pycache__/cli.cpython-312.pyc,.pyc,6658,94,0,0,0,0,0,1,0,0,0,0,0,0,0,1
ciel_omega/memory/monolith/__pycache__/cli.cpython-313.pyc,.pyc,6585,95,0,0,0,0,0,1,0,0,0,0,0,0,0,1
ciel_omega/memory/monolith/__pycache__/data_types.cpython-312.pyc,.pyc,657,12,0,0,0,0,0,1,0,0,0,0,0,0,0,0
ciel_omega/memory/monolith/__pycache__/data_types.cpython-313.pyc,.pyc,643,12,0,0,0,0,0,1,0,0,0,0,0,0,0,0
ciel_omega/memory/monolith/__pycache__/defaults.cpython-312.pyc,.pyc,841,15,0,0,0,0,1,1,0,0,0,0,0,0,0,0
ciel_omega/memory/monolith/__pycache__/defaults.cpython-313.pyc,.pyc,827,15,0,0,0,0,1,1,0,0,0,0,0,0,0,0
ciel_omega/memory/monolith/__pycache__/orchestrator.cpython-312.pyc,.pyc,1256,18,0,0,0,0,0,1,0,0,0,0,0,0,0,1
ciel_omega/memory/monolith/__pycache__/orchestrator.cpython-313.pyc,.pyc,1242,18,0,0,0,0,0,1,0,0,0,0,0,0,0,1
ciel_omega/memory/monolith/__pycache__/rules_engine.cpython-312.pyc,.pyc,745,11,0,0,0,0,0,1,0,0,0,0,0,0,0,0
ciel_omega/memory/monolith/__pycache__/rules_engine.cpython-313.pyc,.pyc,731,11,0,0,0,0,0,1,0,0,0,0,0,0,0,0
ciel_omega/memory/monolith/__pycache__/tmp_processor.cpython-312.pyc,.pyc,821,14,0,0,0,0,1,1,0,0,0,0,0,0,0,0
ciel_omega/memory/monolith/__pycache__/tmp_processor.cpython-313.pyc,.pyc,807,14,0,0,0,0,1,1,0,0,0,0,0,0,0,0
ciel_omega/memory/monolith/__pycache__/tsm_storage.cpython-312.pyc,.pyc,631,10,0,0,0,0,0,1,0,0,0,0,0,0,0,0
ciel_omega/memory/monolith/__pycache__/tsm_storage.cpython-313.pyc,.pyc,617,10,0,0,0,0,0,1,0,0,0,0,0,0,0,0
ciel_omega/memory/monolith/__pycache__/unified_memory.cpython-312.pyc,.pyc,47449,475,0,0,0,0,1,1,1,0,0,0,1,0,0,1
ciel_omega/memory/monolith/__pycache__/unified_memory.cpython-313.pyc,.pyc,48236,484,0,0,0,0,1,1,1,0,0,0,1,0,0,1
ciel_omega/memory/monolith/__pycache__/wpm_storage.cpython-312.pyc,.pyc,682,13,0,0,0,0,0,1,0,0,0,0,0,0,0,0
ciel_omega/memory/monolith/__pycache__/wpm_storage.cpython-313.pyc,.pyc,668,13,0,0,0,0,0,1,0,0,0,0,0,0,0,0
ciel_omega/memory/monolith/cli.py,.py,3707,96,6,0,0,11,0,1,0,0,0,0,0,0,0,1
ciel_omega/memory/monolith/data_types.py,.py,391,14,0,0,0,6,0,1,0,0,0,0,0,0,0,0
ciel_omega/memory/monolith/defaults.py,.py,517,13,0,0,0,5,1,1,0,0,0,0,0,0,0,0
ciel_omega/memory/monolith/orchestrator.py,.py,821,25,0,0,0,12,0,1,0,0,0,0,0,0,0,1
ciel_omega/memory/monolith/rules_engine.py,.py,483,20,0,0,0,7,0,1,0,0,0,0,0,0,0,0
ciel_omega/memory/monolith/tmp_processor.py,.py,548,19,0,0,0,7,1,1,0,0,0,0,0,0,0,0
ciel_omega/memory/monolith/tsm_storage.py,.py,384,15,0,0,0,7,0,1,0,0,0,0,0,0,0,0
ciel_omega/memory/monolith/unified_memory.py,.py,34069,891,52,8,2,27,1,1,1,0,0,0,1,0,0,1
ciel_omega/memory/monolith/wpm_storage.py,.py,428,15,0,0,0,6,0,1,0,0,0,0,0,0,0,0
ciel_omega/memory/orbital_holonomy.py,.py,7441,201,11,0,2,4,1,1,0,0,1,0,1,0,0,1
ciel_omega/memory/orchestrator.py,.py,19265,413,17,1,13,5,1,1,0,0,1,0,1,0,0,1
ciel_omega/memory/orchestrator_types.py,.py,1520,62,0,4,0,3,1,1,0,0,1,0,1,0,0,1
ciel_omega/memory/perceptual_memory.py,.py,9497,222,13,1,2,7,1,1,0,0,0,1,1,0,0,0
ciel_omega/memory/perceptual_types.py,.py,1537,65,1,3,0,3,1,1,0,0,0,0,1,0,0,0
ciel_omega/memory/potential.py,.py,17256,462,13,1,3,3,1,1,0,0,1,1,1,1,1,0
ciel_omega/memory/procedural_memory.py,.py,14702,328,21,1,3,8,1,1,0,0,0,0,1,0,0,0
ciel_omega/memory/procedural_types.py,.py,2851,108,2,4,0,3,1,1,0,0,0,0,1,0,0,0
ciel_omega/memory/semantic_memory.py,.py,13230,326,20,1,3,8,1,1,0,0,0,0,1,0,0,0
ciel_omega/memory/semantic_types.py,.py,2710,103,3,4,0,3,1,1,0,0,0,0,1,0,0,0
ciel_omega/memory/synchronizer.py,.py,700,30,1,1,0,3,0,1,0,0,0,0,0,0,0,0
ciel_omega/memory/working_memory.py,.py,10209,237,14,1,2,8,1,1,0,0,0,1,1,0,0,0
ciel_omega/memory/working_types.py,.py,1386,61,1,3,0,3,1,1,0,0,0,0,1,0,0,0
ciel_omega/monolit.py,.py,9912,204,5,0,0,15,1,0,0,1,1,1,0,1,0,0
ciel_omega/orbital/README.md,.md,586,21,0,0,0,0,0,0,0,0,0,1,0,0,0,0
ciel_omega/orbital/__init__.py,.py,364,7,0,0,6,0,0,0,0,0,0,0,1,0,1,0
ciel_omega/orbital/__pycache__/__init__.cpython-312.pyc,.pyc,717,14,0,0,0,0,0,0,0,0,0,0,1,0,1,0
ciel_omega/orbital/__pycache__/__init__.cpython-313.pyc,.pyc,703,14,0,0,0,0,0,0,0,0,0,0,1,0,1,0
ciel_omega/orbital/__pycache__/dynamics.cpython-312.pyc,.pyc,16190,177,0,0,0,0,1,0,0,0,1,1,0,0,1,0
ciel_omega/orbital/__pycache__/dynamics.cpython-313.pyc,.pyc,15940,174,0,0,0,0,1,0,0,0,1,1,0,0,1,0
ciel_omega/orbital/__pycache__/extract_geometry.cpython-312.pyc,.pyc,17168,287,0,0,0,0,1,1,0,0,0,1,0,1,0,0
ciel_omega/orbital/__pycache__/extract_geometry.cpython-313.pyc,.pyc,17200,256,0,0,0,0,1,1,0,0,0,1,0,1,0,0
ciel_omega/orbital/__pycache__/global_pass.cpython-312.pyc,.pyc,7344,70,0,0,0,0,1,0,0,0,0,1,1,0,1,0
ciel_omega/orbital/__pycache__/global_pass.cpython-313.pyc,.pyc,7257,65,0,0,0,0,1,0,0,0,0,1,1,0,1,0
ciel_omega/orbital/__pycache__/metrics.cpython-312.pyc,.pyc,25511,250,0,0,0,0,1,0,0,0,1,1,0,0,1,0
ciel_omega/orbital/__pycache__/metrics.cpython-313.pyc,.pyc,25435,240,0,0,0,0,1,0,0,0,1,1,0,0,1,0
ciel_omega/orbital/__pycache__/model.cpython-312.pyc,.pyc,3027,31,0,0,0,0,1,0,0,0,1,1,0,0,0,0
ciel_omega/orbital/__pycache__/model.cpython-313.pyc,.pyc,3133,35,0,0,0,0,1,0,0,0,1,1,0,0,0,0
ciel_omega/orbital/__pycache__/registry.cpython-312.pyc,.pyc,3233,30,0,0,0,0,1,0,0,0,0,1,1,0,0,0
ciel_omega/orbital/__pycache__/registry.cpython-313.pyc,.pyc,3190,34,0,0,0,0,1,0,0,0,0,1,1,0,0,0
ciel_omega/orbital/__pycache__/rh_control.cpython-312.pyc,.pyc,5103,50,0,0,0,0,0,1,0,0,0,0,0,1,0,0
ciel_omega/orbital/__pycache__/rh_control.cpython-313.pyc,.pyc,5200,52,0,0,0,0,0,1,0,0,0,0,0,1,0,0
ciel_omega/orbital/dynamics.py,.py,9324,182,6,0,3,3,1,0,0,0,1,1,0,0,1,0
ciel_omega/orbital/extract_geometry.py,.py,11370,286,15,0,0,7,1,1,0,0,1,1,0,1,0,0
ciel_omega/orbital/global_pass.py,.py,4922,104,3,0,4,4,1,0,0,0,0,1,1,0,1,0
ciel_omega/orbital/metrics.py,.py,13244,302,32,0,1,5,1,0,0,0,1,1,0,0,1,0
ciel_omega/orbital/model.py,.py,1285,55,2,4,0,3,1,0,0,0,1,1,0,0,0,0
ciel_omega/orbital/phase_control.py,.py,2836,78,6,0,0,2,1,0,0,0,0,0,0,0,0,0
ciel_omega/orbital/registry.py,.py,1712,36,3,0,1,5,1,0,0,0,0,1,0,0,0,0
ciel_omega/orbital/rh_control.py,.py,4224,123,4,3,0,2,0,1,0,0,0,0,0,1,0,0
ciel_omega/phase_equation_of_motion.py,.py,35749,893,33,1,0,5,1,0,0,1,1,0,1,1,0,0
ciel_omega/phase_sweep_analysis.py,.py,9407,241,8,0,0,4,1,0,0,1,1,0,1,1,0,0
ciel_omega/relational_formalism.py,.py,18337,449,17,11,0,5,1,0,0,1,0,0,0,1,1,0
ciel_omega/requirements.txt,.txt,472,17,0,0,0,0,0,0,0,0,0,0,0,0,0,0
ciel_omega/resonance/__init__.py,.py,248,5,0,0,0,2,0,0,0,0,0,0,0,0,0,0
ciel_omega/resonance/multiresonance_tensor.py,.py,1030,38,3,1,0,4,0,0,0,0,0,0,0,0,0,0
ciel_omega/resonance/resonance_operator.py,.py,572,27,1,1,1,3,0,0,0,0,0,0,0,0,0,0
ciel_omega/resonance/resonance_parallel.py,.py,1400,43,1,2,0,7,0,0,0,0,0,0,0,0,0,0
ciel_omega/runtime/AGENT.md,.md,481,20,0,0,0,0,0,1,0,0,0,0,0,1,0,0
ciel_omega/runtime/README.md,.md,415,24,0,0,0,0,0,1,0,0,0,0,1,1,0,0
ciel_omega/runtime/__init__.py,.py,85,2,0,0,0,0,0,0,0,0,0,0,0,0,0,0
ciel_omega/runtime/agent/__init__.py,.py,89,2,0,0,0,0,0,0,0,0,0,0,0,0,0,0
ciel_omega/runtime/agent/adam_core.py,.py,20057,491,19,4,0,10,1,1,1,0,0,0,1,0,0,0
ciel_omega/runtime/agent/adam_memory.py,.py,4703,130,12,2,0,8,0,1,0,0,0,0,1,0,0,0
ciel_omega/runtime/agent/resonance_optimizer.py,.py,2941,79,4,1,0,4,0,1,0,0,0,0,1,0,0,0
ciel_omega/runtime/backend_adapter.py,.py,2251,62,4,1,0,5,0,0,0,0,0,0,0,0,0,0
ciel_omega/runtime/controller.py,.py,1428,54,3,1,0,5,0,0,0,0,0,0,0,0,0,0
ciel_omega/runtime/omega/__init__.py,.py,69,2,0,0,0,0,0,0,0,0,0,0,0,0,0,0
ciel_omega/runtime/omega/boot_ritual.py,.py,1504,50,1,1,0,6,1,0,0,0,0,0,0,0,0,0
ciel_omega/runtime/omega/drift_core.py,.py,1881,61,2,2,0,6,1,0,0,0,0,0,0,0,0,0
ciel_omega/runtime/omega/omega_runtime.py,.py,2564,76,1,1,0,11,0,1,0,0,0,0,0,0,0,1
ciel_omega/scripts/run_local_gguf_pipeline.py,.py,2281,67,2,0,1,8,0,0,0,0,0,0,0,0,0,0
ciel_omega/setup.py,.py,677,22,0,0,0,1,0,0,0,0,0,0,0,0,0,0
ciel_omega/symbolic/__init__.py,.py,85,2,0,0,0,0,0,0,0,0,0,0,0,0,0,0
ciel_omega/symbolic/glyph_dataset.py,.py,2038,67,4,2,0,5,0,0,0,0,0,0,0,0,0,0
ciel_omega/symbolic/glyph_interpreter.py,.py,2764,88,8,3,0,4,0,0,0,0,0,0,1,0,0,0
ciel_omega/symbolic/glyph_pipeline.py,.py,1310,44,1,1,0,5,0,0,0,0,0,0,0,0,0,0
ciel_omega/symbolic/symbolic_bridge.py,.py,1356,46,1,1,0,4,0,0,0,0,0,0,0,0,0,0
ciel_omega/test_affective_memory.py,.py,3517,96,7,0,0,1,1,1,0,0,0,0,1,0,0,0
ciel_omega/test_affective_memory_consolidation.py,.py,2959,77,5,0,0,2,1,1,0,0,0,0,1,0,1,0
ciel_omega/test_alignment_strengthening.py,.py,3253,101,1,0,0,2,1,1,0,0,0,0,1,0,1,0
ciel_omega/test_defect_minimization.py,.py,2462,73,1,0,0,2,1,1,0,0,0,0,1,0,1,0
ciel_omega/test_grid_stability.py,.py,4556,142,2,0,0,4,1,1,0,0,0,0,1,0,1,0
ciel_omega/test_holonomic_orchestrator.py,.py,2442,65,6,0,0,1,1,1,0,0,0,0,1,0,0,1
ciel_omega/test_llama_server_backends.py,.py,1133,25,2,0,2,2,0,0,0,0,0,0,1,0,0,0
ciel_omega/test_m6_1_acceptance.py,.py,13270,387,8,0,0,2,1,1,0,0,0,0,1,0,1,0
ciel_omega/test_memory_governor_and_prompt.py,.py,1632,41,3,0,2,1,0,1,0,0,1,0,0,0,0,0
ciel_omega/test_memory_sector_integration.py,.py,2794,45,1,0,0,1,0,1,0,0,0,0,1,0,0,1
ciel_omega/test_orbital_memory_consolidation_governor.py,.py,1344,37,2,0,1,0,1,1,0,0,0,0,0,0,0,1
ciel_omega/test_orbital_memory_persistence.py,.py,925,30,1,0,1,2,1,1,0,0,0,0,1,0,0,0
ciel_omega/test_orbital_memory_retrieval.py,.py,3911,102,7,1,2,1,1,1,0,0,1,0,1,0,0,1
ciel_omega/test_orbital_rh_control.py,.py,582,17,2,0,0,1,0,1,0,0,0,0,0,0,0,0
ciel_omega/test_orbital_runtime_loop.py,.py,3259,91,6,0,3,1,0,1,0,0,0,0,0,0,0,0
ciel_omega/test_orbital_sector_memory_integration.py,.py,2365,55,2,0,3,2,1,1,1,0,0,0,1,0,0,0
ciel_omega/test_perceptual_memory.py,.py,3236,85,7,0,0,1,1,1,0,0,0,0,1,0,0,0
ciel_omega/test_perceptual_memory_consolidation.py,.py,2242,52,3,0,0,2,1,1,0,0,0,0,1,0,1,0
ciel_omega/test_procedural_memory.py,.py,4320,119,8,0,0,1,1,1,0,0,0,0,1,0,0,0
ciel_omega/test_procedural_memory_consolidation.py,.py,2835,74,5,0,0,2,1,1,0,0,0,0,1,0,0,0
ciel_omega/test_runtime_policy_integration.py,.py,2579,64,4,0,4,1,1,1,0,0,0,0,0,0,0,1
ciel_omega/test_semantic_memory.py,.py,4553,128,8,0,0,2,1,1,0,0,0,0,1,0,0,0
ciel_omega/test_semantic_memory_consolidation.py,.py,2875,77,5,0,0,2,1,1,0,0,0,0,1,0,1,0
ciel_omega/test_working_memory.py,.py,3405,97,8,0,0,1,1,1,0,0,0,0,1,0,0,0
ciel_omega/test_working_memory_consolidation.py,.py,2317,60,4,0,0,2,1,1,0,0,0,0,1,0,1,0
ciel_omega/unified_system.py,.py,5709,141,8,1,3,11,1,1,0,0,0,0,1,0,0,1
ciel_omega/visualization/__init__.py,.py,81,2,0,0,0,0,0,0,0,0,0,0,0,0,0,0
ciel_omega/visualization/color_map.py,.py,1316,45,1,1,0,2,0,0,0,0,0,0,0,0,0,0
ciel_omega/visualization/visual_core.py,.py,953,37,1,1,0,4,0,0,0,0,0,0,0,0,0,0
ciel_omega/vocabulary/AGENT.md,.md,506,20,0,0,0,0,0,1,0,0,0,0,0,1,0,0
ciel_omega/vocabulary/COMPLETE_DOCUMENTATION.md,.md,9731,397,0,0,0,0,1,1,1,1,0,0,1,0,0,1
ciel_omega/vocabulary/EXECUTION_SUMMARY.md,.md,10182,364,0,0,0,0,1,1,1,1,0,0,1,0,0,1
ciel_omega/vocabulary/README.md,.md,6233,261,0,0,0,0,1,1,1,1,0,0,1,0,0,1
ciel_omega/vocabulary/__init__.py,.py,2319,72,0,0,6,0,1,1,1,1,0,0,1,0,0,1
ciel_omega/vocabulary/__pycache__/__init__.cpython-312.pyc,.pyc,2164,31,0,0,0,0,1,1,1,1,0,0,1,0,0,1
ciel_omega/vocabulary/__pycache__/__init__.cpython-313.pyc,.pyc,2150,31,0,0,0,0,1,1,1,1,0,0,1,0,0,1
ciel_omega/vocabulary/__pycache__/core_concepts.cpython-312.pyc,.pyc,25973,443,0,0,0,0,1,1,1,1,0,0,1,0,1,0
ciel_omega/vocabulary/__pycache__/core_concepts.cpython-313.pyc,.pyc,24251,476,0,0,0,0,1,1,1,1,0,0,1,0,1,0
ciel_omega/vocabulary/__pycache__/extended_concepts.cpython-312.pyc,.pyc,12744,91,0,0,0,0,1,1,0,0,0,0,1,0,0,0
ciel_omega/vocabulary/__pycache__/extended_concepts.cpython-313.pyc,.pyc,12923,85,0,0,0,0,1,1,0,0,0,0,1,0,0,0
ciel_omega/vocabulary/__pycache__/field_dynamics.cpython-312.pyc,.pyc,15284,182,0,0,0,0,1,1,1,0,0,0,0,0,0,0
ciel_omega/vocabulary/__pycache__/field_dynamics.cpython-313.pyc,.pyc,15385,218,0,0,0,0,1,1,1,0,0,0,0,0,0,0
ciel_omega/vocabulary/__pycache__/orchestrator.cpython-312.pyc,.pyc,16203,222,0,0,0,0,1,1,1,1,0,0,1,0,0,1
ciel_omega/vocabulary/__pycache__/orchestrator.cpython-313.pyc,.pyc,15624,213,0,0,0,0,1,1,1,1,0,0,1,0,0,1
ciel_omega/vocabulary/__pycache__/planetary_archetypes.cpython-312.pyc,.pyc,11262,179,0,0,0,0,1,1,0,0,0,0,0,0,0,0
ciel_omega/vocabulary/__pycache__/planetary_archetypes.cpython-313.pyc,.pyc,11082,186,0,0,0,0,1,1,0,0,0,0,0,0,0,0
ciel_omega/vocabulary/__pycache__/transcendent.cpython-312.pyc,.pyc,14310,96,0,0,0,0,1,0,1,0,0,1,1,0,1,0
ciel_omega/vocabulary/__pycache__/transcendent.cpython-313.pyc,.pyc,14399,88,0,0,0,0,1,0,1,0,0,1,1,0,1,0
ciel_omega/vocabulary/core_concepts.py,.py,22345,784,23,15,0,3,1,1,1,1,0,0,1,0,1,0
ciel_omega/vocabulary/demo_core_concepts.py,.py,7990,252,7,0,0,4,1,1,1,1,0,0,1,0,0,0
ciel_omega/vocabulary/extended_concepts.py,.py,8453,223,24,4,4,3,1,1,1,0,0,0,1,0,0,0
ciel_omega/vocabulary/field_dynamics.py,.py,12223,395,18,15,3,3,1,1,1,0,0,0,0,0,0,0
ciel_omega/vocabulary/generated/ciel_semantic_glossary.db,.db,81920,158,0,0,0,0,1,1,0,1,1,1,1,1,1,0
ciel_omega/vocabulary/generated/ciel_semantic_glossary_stats.json,.json,5075,341,0,0,0,0,1,1,0,0,1,0,1,1,1,0
ciel_omega/vocabulary/generated/ciel_semantic_glossary_stats.md,.md,2452,70,0,0,0,0,1,1,0,1,1,0,1,1,1,0
ciel_omega/vocabulary/orchestrator.py,.py,16764,519,12,1,5,2,1,1,1,1,0,0,1,0,0,1
ciel_omega/vocabulary/planetary_archetypes.py,.py,8523,301,15,12,0,3,1,1,0,0,0,0,0,0,0,0
ciel_omega/vocabulary/test_comprehensive.py,.py,9307,280,4,0,0,6,1,0,1,0,0,0,0,0,0,1
ciel_omega/vocabulary/test_gguf_pipeline.py,.py,12256,344,9,1,0,7,1,0,0,0,0,0,0,0,0,1
ciel_omega/vocabulary/transcendent.py,.py,9504,257,27,3,4,2,1,0,1,0,0,1,1,0,1,0
ciel_omega/vocabulary.yaml,.yaml,25129,1077,0,0,0,0,1,1,0,0,1,1,1,1,0,0
ciel_omega/vocabulary_tools/__init__.py,.py,87,3,0,0,2,0,0,0,0,0,0,0,0,0,0,0
ciel_omega/vocabulary_tools/__pycache__/__init__.cpython-312.pyc,.pyc,315,4,0,0,0,0,0,0,0,0,0,0,0,0,0,0
ciel_omega/vocabulary_tools/__pycache__/__init__.cpython-313.pyc,.pyc,301,4,0,0,0,0,0,0,0,0,0,0,0,0,0,0
ciel_omega/vocabulary_tools/__pycache__/resolver.cpython-312.pyc,.pyc,4816,48,0,0,0,0,0,0,0,0,0,0,1,0,0,0
ciel_omega/vocabulary_tools/__pycache__/resolver.cpython-313.pyc,.pyc,4975,48,0,0,0,0,0,0,0,0,0,0,1,0,0,0
ciel_omega/vocabulary_tools/__pycache__/symbol_extractor.cpython-312.pyc,.pyc,3504,32,0,0,0,0,0,0,0,0,0,0,0,0,0,0
ciel_omega/vocabulary_tools/__pycache__/symbol_extractor.cpython-313.pyc,.pyc,3568,30,0,0,0,0,0,0,0,0,0,0,0,0,0,0
ciel_omega/vocabulary_tools/resolver.py,.py,2561,75,7,2,0,5,0,0,0,0,0,0,1,0,0,0
ciel_omega/vocabulary_tools/symbol_extractor.py,.py,1701,53,4,2,1,4,0,0,0,0,0,0,0,0,0,0
configs/heuristics_self.json,.json,221,15,0,0,0,0,0,0,0,0,0,0,0,0,0,0
configs/heuristics_user.json,.json,255,16,0,0,0,0,0,0,0,0,0,0,0,0,0,0
configs/rules_immutable.json,.json,150,10,0,0,0,0,0,0,0,0,0,0,0,0,0,0
euler_demo_output.json,.json,561,15,0,0,0,0,0,1,0,0,0,0,0,0,0,1
